# Host: localhost  (Version 5.7.16-log)
# Date: 2017-05-13 12:05:34
# Generator: MySQL-Front 5.4  (Build 2.11)
# Internet: http://www.mysqlfront.de/

/*!40101 SET NAMES utf8 */;

#
# Structure for table "candidato"
#

CREATE TABLE `candidato` (
  `idcandidato` varchar(45) NOT NULL DEFAULT '0',
  `id_eleccion` int(11) NOT NULL DEFAULT '0',
  `nombre` varchar(200) DEFAULT NULL,
  `genero` varchar(45) DEFAULT NULL,
  `fecha_nacimiento` date DEFAULT NULL,
  `numero_lista` int(11) DEFAULT NULL,
  `imagen` blob,
  PRIMARY KEY (`idcandidato`),
  KEY `id_eleccion_idx` (`id_eleccion`)
) ENGINE=InnoDB DEFAULT CHARSET=utf8;

#
# Data for table "candidato"
#

REPLACE INTO `candidato` VALUES ('1',0,'En Blanco',NULL,NULL,NULL,X'FFD8FFE1'),('2356854',1,'Clara Fuentes','Femenino','2017-04-05',23,X'FFD8FFE000104A46494600010100000100010000FFDB00840009060712121215121312151515151518171817171717171517151715181816151717181D2820181A251D161721312225292B2E2E2E171F3338332C37282D2E2B010A0A0A0E0D0E1A1010172D1D1F1F2D2D2D2D2D2B2D2D2D2D2D2D2D2D2D2D2D2D2D2D2D2D2D2D2E2D2D2D2D2D2B2D2D2D2D2D2D2B2D2D2D2D2D2E352D2B2D2B2EFFC000110800E100E103012200021101031101FFC4001C0000000701010000000000000000000000000203040506070108FFC400451000010203030A040208050205050000000100020304110521310612415161718191A1B122C1D1F01332072342526272E1F1338292B2C214A2537383C3D21516243443FFC4001A010003010101010000000000000000000000010203040506FFC4002611010100020202020201050100000000000001021103312141123204053313345171F022FFDA000C03010002110311003F00B604608811C2CE35182304508C130305D5C08203ABA171742703A8128129389110022C50D15269E4359D4A0E3E59C8B4D0CC341FCAE3D82A6E5E652679F850CF847CC6BF36FD9FBEA54369CE757474DDB920DAA632D249AC2F1183A82B9A2B9C760040549B5BE92A61F7410C84360F88FE6EF08E4554226A141C1372D3F7823449399CA59B886AF988EED822B98DFE987409365BB1C611230FFAD13BE728DCC76B079205C4623A53A84F4369C8194F32287FD4CC0DF15E47226F533239793ADFFF0046451A9ED1DDB43D4AA5670DC8D9C47EFD92D1B5EB1BE90A14421B1E19844FDA69CF87C7ED3791DEAE5062B5ED0E6B839A45439A41046C2179DA14C1C0DFDD58727329634A3AAC767309F143754B4FA1DBE491E9B584651960DB50A6E1FC48470B9CD3F330EA3B351D2A4D51005D410416C171750407114A32294071041040D1984608811C283182384408C1501C2EAE05D4004105C714071C4627054CCB5CA7109A613082F70BE87E5046069A6F5259596E097844E2F75CC1B74BA9A96373D30E7B8B9C4924E940273314B8ED2BAC8600BE9CFD1270D871BEF47E1D9300E0357744206AF25D34D5E48848DC8271CCDE1279CE181BB9A393EF05CC50051101C6E3AC61C4231611C7FA4AE3988AC716ED1AB4A00ED35F4F4F44BC3894B8A6C698D6ED7A91DAED78848D63C9FB5E24B456C586778FB2E6D6F6BB61D7A0D16D365DA0C9886D8B0CDC710716BB4B4ED0BCF92F169B95E320ADDF811431E7EAE2D01D40FD97796E3B12E8F5B6AE8041742A439441750281B1570A32E206C54175040D9804608811DAA16384608A1182A2182EAE05D4002533B4269B0D8E7BAE6B454D6EB827510ACDBE942DC21CD9561BA81CFA69FBA0F2AF24055F28EDA74C4574435D40680DD03628584DABB52354FE95A23C06F8930523B061549966D5231A573855B5F7EFB26E241C96CF48F7B4A4C92310A4E24B39BF66ED74A764966037114EC8D8D1885DA7B09EBA475248CB91A2BDD1B2D1203F74710ABEA96850AA9F4195AE229DBDED095AAD225F00B6F02A0F23B37A48B30230D1B362B1B64AE22951A7DF9FB31D33219A4EA37FEA8D8D23E1B94949C4DB77651D11841BF8FAA73271286878FAA288DC3236D7FF00512EDCEF9D9E07EF181E22FE6A7C2CA720AD2F833218E3E18C033F9854C33CEADE216AAD28C6A739AAEA082EAA40AB88C42E20388208202382384408C142C708E110230540608C8A119009C6750124D2831D5ACAC12D8B43E3478914824BDD503537063783405AF65C4F18325188F99C331BBDFE1AF004AC660C2380C7494B62158304BBECD39FAA9A90B11CEA55BE69DD8F66800542B748CB802E59E5C8E9C38B7DA324AC3681A2A747BC53D876235CA5DB013882CB96372AE89862827582D371A74E49B47C8F82EAE3C294566743460CD497CE9FF4F15162646BD95F86FAD341C084C23D9447CCDCD3B70DF5C4765A67C2F7E48AEB3DA7168703A36D2951A95E3C97DB2CF8A7A65BFF00A701EEFF00D7850A55B294DA3DF5570B432607D8240C469BB5107155E9CB3E341BE85CDD62F1C35755ACCE563971D86CD766ED03891FA24268348A8A11A75EFDC9A469EDA41F78A631A70EEDD81F7EF5ABDB3766A4EA2EC40A8DA348516C041DA3B7A290979C381D17FBD6919BA17D5B81D1B0FBE89049CA44CE6820D08BC1D208F31E8B68C9FB444C40645D2E6F886A78B9C39D561B67BE971371E8469DEB4AFA379DA7C5807F3B7B380D9783C529D8CE6E2F082082D1882E2EA05005A2EA08202302384408E142E8E118228466AA03046450BA80A1FD2AC7A4184CAFCD10BB835A7CDC1512C96E7BC0187A6B56DFA56638FC370F95A7379D4D776850192900171D8A72E9784DD5B24E1003053F22C50D0052E5352268B9ABB64F07A1812AD86B8C295092A122D47870D7484A431448F65A5E5EBA3A279F02E49C0700138CEB96B8C9A6195BB318B01474CC8D6B418E2341530FD4918AD4AC54ACD328F2798E39D4CC3D39E9547B46422423422ADD63DDCB70B4656AD2711A41C0854AB66CE86E6920069D23F64F1CACF08CF0959A43790777BE49CD68FF00C2E1771C3AF925AD0B3E8EA0C7426AFA968A8A1177EAB67374742EF7A42B3E4B5A421468512B810D7FE475C49DDE5B1575E6BE2D6038EF371EA11E4E210EE178D634A968F40A0A272627FE3CB437D6A699AED756DD53B48A1E2A5968E7B34145C5D41321505D41011412812612814C58E1182284609818140940207B202A5F4861A254822A5CE6868A7DAAD6BB0D01E4A9B9218C4AE208F3571CAF1F162C3855B9AD74476E68CE07FA9A392A1644C6AC58A0E96B4F2241EEA32EAB4E3FB45E61B2F52B285470760A4A498B99DA7CC344B30A4189D017214E551E1BAE49809786C4403B1C960F26E498A3454951B3F9452F0C785E1C750AD6BC02D246552D9DB170A8297B5A3BFC425DE1A4E385DB8DE9C9B5EEBD8F691F85DE944A9C4838AAF5B3648702E6DC4A9683321C2E3D50897DC546D5A6496F4939A4D4285610F0587E6D1ACAD3F29ECB0585E060B2BB4599AE234837682B7C32DC72F2E3F1A71005401BC7037F71D511C303A423CA46CE01DF8AFD8E3713B89A23C6651DC7DFAA77B29D2F3F4696951EE844F85E2A363B41F2E4B48587D8131F0E331C0E0E1FD26E3EF62DA6522E737857D7AF70AB1BE99E73D974174AE2B64E20BB441011211C24C2385316502384408C1303841D855049CC3A8D280A75B2FBE6A2FDD86208DA5F473FC82CF72473BFD439AD22AE616DFBC1AABE5B55FF0048ED6F8CE3BF47F8AA0E497FF686E7762A6F5578F71A0FFEDE73C7F18834C683F709B4B89A937789C1ECD788A6FB9216B5B6F82DA017EBD5EA7628E95999E8ED2F61A34103C4EBC92697340A7659E32D74659638AF5296E3221A119A76A988316A164F236847F8919A617C512F4311E28332AE0D06EDA69A55CF27EDF6453995A1D46E2378539E162B8F9264B311A51A2BC81725A559508F350C015A2891A5CBD2A93909F148CF88E0DD34B80ED7AE4BDA72100801D0CBB5921CEAF5A286B69B166E3184C39AC6DC490736BA6EBB38EA1B3947651E4CB25A1030CBA23CB4D09ADEF06FA014031E3CD698E3BF6CF933F8FA68F259410DD7870235EF5222331D7ECD8B24C9FB2A6096087354261088F2E690C8648BE1440EBE80D0122EBF056CB063442DABA8D70241CDAFC3750D2ADC2EF64232971F7B2E3CA67EB4B14795617670001D62EEC82101F5DEBB18DEB2B5B48676A0061BB5516279490C879DEB6E98BDAE1B164B95729793B4F357C397963F918784058D12F2D2711ECEFF004539330F0274803A5CABD2BE1782AD3121E743DAD25A78695AE7DB1E3EB4650AE703A7D310B64B06643A1B1DF780F4F4E456365B56D748BF88C7C969D919319D2ADD6C70FE924F98AA252CE785C11576AB8B573820820808808E12611C298B2811C22351C26060909FFE1BFF00293C92C0A2476D58E1F848E8950A7DAF7C284DD04D79DFEF7ACDB27CE6CDB06B7B87FB1DE8B45B409F84C274068DD46FE8B3AB39D9B390EBFF001A9CEA3B953EAAE7717C9F9011684806895B3A4A24361600D7B1C0D5AFA8FE92294521679AA97870762C31CEC7765C72F6AB4BD84ECE2E766B41A0228497006E0F20F88574513074A446CCFC539B5AFD9686DDC15D6605060ABB386AE1BD57CF711FD393A5EEC77673457484E2384C2C524306E4EDE54EF4AB8EEAA53F65C4311CF111CDABB3B34500BAA05F4D452EF873111998E881C353D8C34DA0D0735608B06A91CCA226560B8CCBB46CA5850C3684B8DF5C682EBC120624291850036A1A2812AD4B438695CAD131D744842A24260A7AFBC26132567956B8C24E2B3FCB086051BF69E5C773469E6AFCF372AD65131A2F2DF1500AEC1A95F1F8ACF97CF864F1096BA9A41EAAD767C60E8648D4D7536B6E23916F5557B53F8AE52F93EFFADCDD0E6D3FD84538DDC974E7E63930F191CC314716E8386F1EA0ABDE413FEAA2B35385368C550A213A311DDA483DA9C15E3215C2AFA696820FF2BAEE9D54CBE4F2E9A043350372324E5CF85A945AB9AB882EA09921C238498476A98B28D4708811826070BBA114A0E75C78A41479E34855D0091C5B0C8AF305664C7D2330EA8CC3C9C0AD26DEF04373353CF10EA9FF0022B319B1470DF5EA54E2BBD363B299E2E2AC58055BB1E25734D7100F30A7C3EE5CCF4279339F8972AEBAF725B29A75CD690DC52193F264D2B526809F7C513AD8BDE978B37E503627442652EC34A04B3E2B9A30BD31712EE0752468922E7917920A404DE6BB35E2876E07725B1F13C86C4E5ADA2460C50539CF415368E531882A9EC74D8B6E51679692F8338E6809D8B2E9ECBE74461644820B8540783404037122971DCB4CB4DD4638EA693D179FA21AF1BD7471632CF2E3FC8CEE37C0C6239C4B8E2E2A5ECC347C376D1E614531B805230C51ACD94EFF00AAD726182766DB47BFF3077070A1EB7F1564C88899AF236F4BCF6EEABD11C1CE6BB43D94E1F67B0E6A5B261F49800E93DDA5A7B95935AD5A08A0036A3A4E01A81BBDF9A516F1CB4104104C90A128126D470A62CA0470936A384C0D541E2E3B9046D080A6656C3F08753ED50EEADDDCF3595DA0DC0FE272D77295958446A701DEAB269F67427B2CE76BF4D132666AB0A11FC201E17792B6D4E6D69B966B90D3956BA0FDA69CE6FE538F5EEB52B31E22329A7CC15867355DBC796F156E3C2CE24917A52CE8861BC1A5C6E3B93CCA195700E743B9E34683B28AA962651BDF184BBE1D621AD3F1668A917E06830D88C71B62ADD76D2A566E82AD22A95871F49CD276DEAB72B6AC322F6B9B5D89FC39C840E2E28F2BF826586A6B89E88B312AD78A3857DF429285380D33619C69C7404BFC18BE273B361E6D07DE241C6FAD05DBD57C58E575DF845BE5DD08DC6A36E238E052F2F319C2E55D873B311E723358FF00FE2C2766D73455DE117546D27FA54A596CA4478D41A38818F220705194D55CF3126E6D6F448812AE2928E6812D1C56F2C667E1CA46769CC206F370EA561CC6DFD1699F4A968D214380317BB3DDF95B87377F6ACE203713ABB95D3C5358B879AEF27618BC9D42838DDEA9ECCF859B9BD737F509B4B32A2BACD7D3CD3BB507837D07137F6556F94CFAA6203BEAA19D400FECA7F6F552D63BC88C1C340CE3F9683AFAA839424C03B00E97F90527634439CEA625840DEE7B00EA5455FA6C92C2EA8D3DB0F24AA4E50F846E1D02516B1CF5C417504C908D4709308E14C59408E12611C260708C8A1190101944DA0A68711D715945A30EF76F5ADE54B7EAF3B879F92CB6D065EEE7D4ACAF6D71F31132538E978AD88DC5A70D6DD2392D86C5B45AF63634335040247BD2B1D9E877A93C96CA274AC4CD71FAB71BF66D08CB1F94571E7F1BAAD92D370780E1810A913D2A21CDC19A60F131F570FBCD356BC0DB9AE34DAAC30270399E1356919CDA6A4C6D0819EDA8C42CB0BAAE9D4B3556DC9E99978D98E6DE5A5EDA169048AD6A41C2E35A1FBCA7E5E1C264424340AD0E031C3AD167564CC35ADA1A8769BC8FDF7A7F0E65FF007DD78A6230DF4AAD773FC15FC5CAF59785CE66661C36B80A7CC5C01BB0209A1D601B955F28E71F375830C9F8511B47DC439D783E138B4501075E8A629692821F7925C7469A713827F2B221952713D12A271E387DAEE9091906C08621B00A0EA75A240651EFDA7C827E6FA948987A56397954A2B0694D6D08E1A2A4DC0549D89E3DC1A152F2DED2CC82EBE99C890B2CBC335CABB43E3CC3E21D268D1A982E6EED278A8A7600745C3E27553C918357171C00AFA0ECBAFA8E1EE9C4281706EABCF2BD36B5E25E06DAF4BBB952CD6D1AEE475D4FE95505691AC4E0A31F3579F889E903F56E1B8F3247A2B0E4C430272034D3E4A9DB473DC09E4392AFC87CBBDA0F23556AC9EBE6C388F9590DA0EFBCF30E212F62F4D26CF1E103DDC9CA4A0369EF5DE528B5614104104C90411DA526D470A5650238446A304C1408C11023840456518FABA6B202CBE7195EA3FDC7D56A194BFC171D57F1182CE27215C367AAC72F15B71F4849F878288986D158671BF2ED50D36CEAAF1A9CE26F25ADE308884F3E027C24FD93AB715A248440E14E4B1C30EEDC7B856DC89B788708110FE471D3F84F928CF1DF98D78B935E2B499797638788569A52D0A5D8DD02884A5084F441B963E5D72E86958BA004ECB89F549CB4109EDCD154E6D19586EF6D12111E939A9B15A7BDC916B0BAF75C356BDE954EC49989515D03AFE8B27FA42B4B3A2660C1A3A9F7D568B94769B61437137505CB159B8863C63526F249DD89E972D38E6EED9F2DF1A22C6D1A0EBEDEFBA9691839AC15C4D5E7FC7CCA651181CE68F61A3F652F09B5A545C48247E11837901CD6995658CD0C594602749A9E382AD4EDF139F9AB25A0F04800E0457A93D43BA2AECF7CC0EEEC11817227ECC156329A5A4723FAABBE494B87CCEB01F76AA436369A71C3AAA664F373831BF8C8E62AB48FA3D961488FA5E1CE15DAE75E39319CD29F6197D570A2E232E2D9CEE20820808008E126D470A62CA047088D4705303B51DA9309405011D6FB2B0F375B85770BFC950279BF30D35FF25A34F373AED4D279FECB3DB445493AFBFB0B1CFB6DC4819D178DFD2FFD145C7656FDBEAA4E77F8846EEF5F34C66CD1C00D97FBDCAA0C894265CE3AA87C9338CDA548D041AEA529019469FC47A0FDFA265121F849F7A6A9CA9CA2E592B97CC6810E6490E1844A54103EF0181E9B9689256E4088DCE6446B81D2D35ECBCE9142BDE40CCD006EA4B3C249B8AE3E5CADD56BD0E7C68A9DC0A33DCE7E2683AFE8A324E26B520222C5B6EB818D6E038E9E693998E5A2A715D312FBD5772A2D510D86F53A5452F2F2D6CE3F0C1AEB559B261DCF79D229FCA31E66EDE91B4233A2C4D65C53C8EECC6884DC6EAEF5D126A69CF6EF2DB92ADCE71F7C3A539A7B166B32FD35A346DFDEFE4909619ADDA70F54C2347ABC9183450235B16EA1CB5E4D0935AE71E400079972613ADEE3A342731410F6B7EEC300EF379FEE494C36EDE0FAFA2A9DB3BD27F249DA75107A115E8B5DC8B97CC9615C5EF7BCF13E1E94590649E25BF799D6A479ADC2C86D2137972BBC94E3F63CBE90ED70AEAE15AB17104104057823B4A4DA940A56502384984A04C0ED47088D422446B455C40082B64F345C5C7F281DD66B3B106739A343CF2CE34569B5329000E30C68A576EC0A84C8FF00586BA7B9AD54F2F1DC7B57072E39DFFCF9099678EBEF579A8B9B6DF7ECF32A5E7878C6D35E14511346AE2351ED4511B645219AF44DE2B6E78D4D3FDEDF54B49DE49DA525327A8A7323D13857A42C4654AB2E4AC5CD78500C6D5CA5EC8347DCAB2E91878AD7E423540A279F19405971FC00EC4EDB3352B9DD5A3E9D9A0D6E2B31CABB4CBC903DED568B7A76EA05439A7DE5C780D6AB089CEEA68DA043F87E23F31E835A34AB338E71C31FE5D6522C0623AFC05E769D0148B697347DABC9FC2DD3BAEE835AD2B28696844341ADDA353747AA69000AEB0DBCED3AB9A52662E71AE15E8306F40890B02768E7A3AD139D22DDD1C3AAF71AE3EB4F549CD9ADDEFDDCBB282E276FAAE45650676922EF33CCA73B2F4B164B90D731DB4F268AF985A5D8B689638543834B834D741381A7159C64F3335CDAE869A6AC2FEA55BACA9B3534D3A75917FAAF43F0F8A5C72DC78DFB2FC9B86784C6E9A2AE151F655A822F84DCFEFB42912B933C2E3755E8F1F263C98FCB1BE05410414AD5D08ED410531650251A820981D8A032B706A082DFF1BF96387F63FDBE4A74DFC9C5431F9DBBD0412FCCFBABF5BFC51213FF00333F205071FE77EF4105C78F4F5322967E1CFC92139A378EC8209CECAF4610712A52C8F9CEE410579230EDA0D9BFC309CC24105CF5D480B731E2A9F39A38762820AF0679B929F29DEEEC9D3FE67FFC9FFB6C4105559FA45C4F2F55D6FF000F8FFE4820AD03C9FCBC0F628D37837737BB90412F63D2C965FD9FCAEFEE629EB3716A082F6BF0BEAF95FDBFDA7FDEEA76CCFE2B3F30EEAE8820B97F33ED1E8FEB3F8EFF00B1504105C6F4DFFFD9'),('23655898',1,'Pedro Garcia','Masculino','1990-02-02',10,X'FFD8FFE000104A46494600010100000100010000FFDB0084000906070F10120F0F10100F0F1015101015100F10100F0F0F0F151615161615151515181D2820181A261B181521312125292B2E2E2E17203338332D37282D2E2B010A0A0A0E0D0E1A100F172E1D1D1D2D2D2B2B2D2D2D2D2D2D2D2D2D2D2D2D2D2D2B2D2D2E2D2D2D2D2D2D2D2E2D2D2B2D2D2D2B2B2D2D2D2D2B2D2D2D2D2B2B2DFFC000110800E100E103012200021101031101FFC4001C0001000105010100000000000000000000000102030406070805FFC4004710000201030104060606050A0701000000000102030411210512314106075171819113223261A1B1145272C1D1F008428292A2232433626373B2B3C2F12535446474A3C315FFC400190101010003010000000000000000000000000102030405FFC4002211010100020202020203000000000000000001021103211231415104133271C1FFDA000C03010002110311003F00EE2000000000000000000000000016EB54518B93E0901701A2ED3E9A5584DC69C6324970D5B165D3694F4A91707CDA8BC187ECC5B7F4E7F4DE81AC2DBD2D1A9A6BB9333ECF6E425A4B0BDFC0B338C6F1E51F6014D3A8A4B29E51519300000000000000000000000000000000000000000002D5CD4DD8B7E405BB9BA50E6BF0355DB5B4E755FA0A726B3EDC97EAC7B3BD93B66F1E1E1F26E4FE491F2F672DD8EF4B59CB57DBDC73E79FC3B387867BAFA569B3E94525BAB3CE4F8BF130B695A53E292EF4555AFB0B08F995EEDB7F89AF2CB1D3B70E3CB7B62568CD705CF8A2DD3BC9C74C4BB9E7E0642B8655E9E3F5518CACB3C27D33BA3BD2C9427E8E7178E0F2F4EF48E8B42B29C54A3C1A3896D6C63D2C3398BCE9A3F33A2F4076A7A6A587C7099D1C79EFA79BCFC5E3DB6C001B9CC000000000000000000000000000000000000189B49E22659F336D568A4A3BC93E38E78EDF812FA658FB6BB7D4D494B3CDAF1FCE0F9F59E3E464CAE54A527AA4BB74E1A1F2F69DED3A7ED6AF8E135A1C99F77A7A7C3353B515B261D5CA2CFF00FB5464F0A693EC7A32E4A49A5869F7185C5D58E52C50DE863D4A8CBB3961161CD3E263A5BE96DAD1AE3A3C9B2756F55C6AAA7CF12F15C3F03E259D352924B0F384D77E87DBE8A471756F24BEBC1F7FB2FE3866EE2F6E1FC9FE2E9C003ADE68000000000000000000000000000000000000695795F7EFEB45B6945538462DBE7052CE3C59BA9A1749A8A57F149B4EA2A72935C7D58C92FF0009AF97A91D5F8925B94BF57FC5BBC4E109492CB59D1BC2961F07E1CCD7295CFA69D56E9474F65D48C72FDCB29BF91B3DFB58D7C8D66B45E5BDE6B5ED7BACD132D5F5B76E3C5B9D35FBFA5252D684170F5A12D73DCD197B3AACBBE0B93C292CAE49EB27DC7D2F44A5C527E2634E97AEB09A8C53EE6F1F9F325BB658F1D97A635CDC3709CD62318C947D6F69BC6709771F1BD2D3DE49DC544DE5EEB8CD45A4DAD1F0C653F22EAA4FD2CDBCEEA927BBC9E87DA542125951F86A65BC75E98658E76DDD59D851F475233F4AE507C1B5BCBE06E3D158AA729569B8EE7A771A4F2B136EA3598E38ACEEAFCB34EB0B371AA97B309492DD6D6136D65AEC376D98E2AE6D6D63BB9FA4549CE2BF56318CE515EED52F32E0D1CB3E1D080074B80000000000000000000000000000000000000353DBB457D29CF3EB7A18A4BDC9BFBD9B61F1BA436B0DDF4D8F5E388EF6BECB7C3CF06BE49BC5BFF1F3F1CFFBE9A96D3AE9657B8D7AEAED4638E7F1665ED26E55247C3ABEACE6E4B7B18C25ABC633A1CB2EEBD6DF8E2BBABD6A378E6965F77032B11DCCC5E561F1CE7C8C1D9F790ACB7E0E5BB9C6250716B0F1879E0CBB5E38C61A7169E5E78332D319C97DC8F9757794D558BCE2493876A6F5F81F7609634D39F168F8D3A5183CC79BD5E8B05FB5BB6FD5E39CF7684D1339BED7E13F5D67559595E26D7D5F5837B4769D796BB952A462F97AF378F28C52F1354D9E9CAA2CF6F9EA97CCEB5D18D9CE8C2ACE49C6756B54A8D349492CE229F82CFED1B3866EB9BF2B39259F6FB4003A5E68000000000000000000000000000000000166EEEE9518BA956A42941719D49284578B02F1AFF4E36EDB595A55A970F49271A74E38DFA93E4A2BDDC5BE5834FE96F5BB428A953B18FA7A9C3D3544E3463EF51D1CDF92EF38CF4A3A43757B2955B8AB2AB3DD6A2DE128AEC8C561457722EB64BAAEA90BA8D5DDA9169C651528B5C1A6B29F9166E2965A97BB0CFA9B6EC153A563569AC41DB5083C6987182DDCF869E07CEA7513E270678F8E5A7B3C7C933C256353B38A96FC7D59E996B9F7F696AFE86754E39C3CB71D757933E69E74461DDA6256CF18F8175B36129EFCF336B384F48AF0E07D9B3A718D3DEFD679F0E462D49616BC48AD73BA925AC9E1462B5797EE26ED61A92B65E8558FD22EA2B19853C4A6F924B82F1675C3CCDB17A6D736D294EDAA3A7EB61A694A1512E1BF17C79FBD67468E91B0BAE4B5A8946EE94E854E72A6D4E9B7DB8786BBB53B38F0F1C5E5F3F279E7B75107C1D91D32D9D74F7695CD3DEFA93CD293EE52C67C327DD4D3D56ABB4CDA5200000000000000000000014CE6926DB4924DB6DE124B8B6C0A81A3F48BACDB1B6CC68FF3BAAB9537BB4977D4C6BFB299CDB6D759BB46E3315515BC3EAD05B92C7BE6F32F268BA1DCF69ED7B6B65BD715E9515CB7E6A2E5DCB8BF0356DABD68ECCA2BF93954B997653838C7C653C7C32703BBDA0E4DC9B7293E326DCA4DFBDBD4C0A976CBA4DBA9EDDEB7EEA7956F0A76CBB7FA6ABE6D28AF239D6D9E91DCDD4B7AB56A955F27393925DCB82F03E355AD92CB98190EAB7A966B3CA7DC426448A3D2FB0270BDD9D6EA5C25429EAB8C5A8AC35DCD1A8DE509D19CA9CD6249F835C9AF717FAA0DA5BD670A6DFB0DC7B93798BF3CA372DB3B261731C3F56A47D89F67B9AE68D7CBC7E5DCF6E8E0E6F0BABE9A242E705AAF729E7432AF2C2A526E1523BAF97352F7C5F347CFAC963DE71D9F15E94CBAEABE7DCCF5CF923EC744764CAAD58DC4D7A907986784A4B9F72F991B13A3F3B8929CB31A29EB2E73FEAC7F1E46F4A9C68D394B0A31841BC2D145456706EE3E3F9AE5E6E5F88F36D5F52A568AE0AB554BC26CB7565CD789615572729BE326E4FBDBCBF992E783A67A79F5914AE9AE66C1B1FA5B796F8F4371569E1FB2A6F77C63C19A9E70551A8363B8F47FAE0A8A2A3754A359FD7A6D539BEF5C1FC0DC766F599B2EB3519559D093E55A0E315FB4B2BE279929D7326172FB46A0F60D1AD19C54E128CE2D66328B528C976A6B8959E56D8BD29BBB5FE82BD5A4B39718C9EE3EF8BD1F8A3A97443AD98CDAA77E92ECB8A717FC705F38F973268DBAB82CDA5CC2AC23569CA33A7249C67179524F9A2F11400000000383F5B3D30B895DD7B28D4DDB6A7B9174D6129CB7549CA4F8BC37C387AAB43BC1E4DE9DDCB9DEDECDF3BAB8F253697C0B12B06BDEE78331A572603A843917632675CB4EA16B206C54D9316504F202B832A6CA208894B251D2FA9EBBC4AA526F472C776F2CC7E2A4768A0F796BED2D1FBFDE79EBAB2B8DDBA9D3CE37E96F45F3DEA725258F072F23BF5B56D2351734B79162B17A4577428D0A956EDC5518AD5BF6B3C9439EF3E58D4E2D2E9B538CF7E16929ADE6F76B574A2D72CA8C339C7BFCCCCEB676CD7B9B970798DAD19CA14E3AE2535953A8F9673EAAEC5DECD0EA471F9ED35D92DDB7636C9D57A2BA23D25B5DA34F7A87A92824AA5BCB0AA52ECD168E3D925A773D0B7D60DDFA1B1B84B494E1E8E3DBEBFABF26CE5BD586CEAAEAFD260DC1A788C971C2F69773ECF71BA758B752A91A54FEAC2AD59F67A89A5FEA665AE987CB87539893285C17715C659E246B464647021145699714CB4801931A86452ACD181165D84B5451E96EA62EDD4D9C9379F475EAC1773DD9FF00ACDECE5BD40D6CDA5D53ECAF197EF412FF0041D48C6FB200022800020F20F4C2E233BCBD947D977770E3DDE9258F81EA7E97ED2FA2D95E5C670E1427B9F6DADD87F134790AE9FACC42B1E4C064208A894525480921BC123064277B42002A3E9F472F7D05D5B55E51AB1DEFB32F565FC2D9E8FD9557D4C65767E7C0F2E9E82E846D2F4F4284DF19528B7F6B1897C433C581D35A76D4ADABD4AD15973A8E9C745E925532947CB57D986F91C5965249B5C524F81D13ADBBF72B8A76DFA9086FB5CB7A7A7C22BF88E71753D52ECC3264D93A9B76EEAF69D354292A7C1C53F7EA971F7E7258E9BD58BA3B46E34C46DBD0D369F397AB2F1DE9B5E07C5EAAF6A7ACEDDE8E2DB87BE327F73CF9A27AC8BBDCB174D71AD7725FB3094A6DF9A8F9965E98E4E52C8272418B59DE544208415204028A915D2E2CB792BA1F781DE3F47C9FA97F1F7DBBFF00351D78E2BFA3ED47E92F63C9D2A4FCA524BE6CED44A4000450000735EBE7687A3D9F0A49EB5AE209AED8C14A6FE2A279BEB4B53B07E905B6954B8A16917A5084A553EDD45169784145FED9C766C229C908002A2A4508A80364A6524B2C1500983240E9DD56ED4C53F46DFB155A5F667EB2F8EF1CC4FAFD1CDA2E84EA34F19A795F6A0F2BE1BC2B2C7DB3FA537FF48BCBAADC9D5928F3F5618845F92C9AFE32E4FDF8329F07CF4E78D75FF72DD1A7A2D39E79781857469F5BA2B7FF0047BDB59F08B9C612F7A9617CF1E46775957DBF52DE8AE10A739BFB5566DFCA31F3356B99B4D4968D34D3D3970F90DA778EB549547CF752EE4925F22CAD5C9ED8C084486B4844150800861012D976896597A97303B47E8F6FF95BDFEE68FF008A476D3877E8F72FE5EF57F614BE137F89DC4550004029A93514E4DE124DB6F824B56CA8D53ACEDA6EDB675C34F12A89518F2FE91E25FC1BEFC00F3874DB69BB9BAAF5DB6FD2549CD67926DB8AF08E1781ADB33B6954CCA5DE60B2D4410490C8AA836400892B4508A914092184CA2A0D904819CA598A7EED7878952D1783CF0F1FB8B16B3D31CD7776E85C6FEEC70EDD0C5D52F4C5BB7AFF00B76968BB5F8FE7F3DA5A0D19FB0125326560989514A1900C84191122ABEC2ED22CF3F02F530475EFD1EE7FCEEED76DAA7E5523F89DE0F3DF5055B1B42A47EB5AD45E53A6FF0013D085A000201CABAF9BDC52B2A19F6AA55AAD7D88EEAFF1B3AA9C03AF0DA5BF7B382795468429F74A7EBCBE128F901C96BCB2DF7964AA4CA42052C9218554804800456508A915000328A89288B2B02AA32C3F7346537C7C79F1EDF8686137C0CB83CAFF007FCFBCC5BF8EF4B15DEA592E577AFE7CCB41AB2F69C844308314B632402A84E082A6414F32FD32C732F400E87D4956DDDAB417D68578FF00EB93FB8F4A9E5BEA96AEEED5B17FDAC97EF539C7EF3D485000100F2774EB697D22E2E6B672AA5C55945FF5379A82FDDC791E9CE955F7D1ECEF2B7070B7AAE3F6B75A8FC70791F6C4F551EC480F9A01000A59514B02A4494C4A80152292A454082486041722CB64A605532FDBCB4F3EDF3FB8B122AB796A4AD9852A3D596D92D94A0C2A40000000115314D115A5C82A9817A2598975308DB3AB396369583FFBAA4BCE58FBCF571E4DEAE5FF00C42C7FF2EDFF00CC89EB228000834AEB7EEFD1ECCACB83A9528C3F8D49FC22CF2E5E54DE9C9FBD9E84EBFEF772D6D68F39569D4F0A7071F9D4479D64F50290081A02A5424E32A8A2F723284652E4A5252715E2A13FDD6506F9D08D8FF49D93D21E09D285956849F0CD275E735DFB9BCBC40D122544224A0548A49400864900092090253E4531786087C5108AA4C844125024824804026080B91584599BD4B93916505AB912BC9444A82364E8355DCBCB39765D5B3F2A913D7078EBA3B5B72BD197D5AB4E5E524CF629400041C5BF489FFA1FB171F3A4709600148601441D5FAB0FF92F493FB8FF00E550020E56002812890410C8000900144112E44802945448020900820AA0001153916D0005C4480067ECCF6D779ECE0000000FFFD9'),('65356589',2,'Daniel Andrade','Masculino','2017-04-06',1,X'FFD8FFE000104A46494600010100000100010000FFDB00840009060712121215131313151515161615151717151515151517171715171615151515181D2820181A251D171521312125292B2E2E2E171F3338332D37282D2E2B010A0A0A0505050E05050E2B1913192B2B2B2B2B2B2B2B2B2B2B2B2B2B2B2B2B2B2B2B2B2B2B2B2B2B2B2B2B2B2B2B2B2B2B2B2B2B2B2B2B2B2B2B2B2B2B2B2B2BFFC000110800D600A803012200021101031101FFC4001C0000010403010000000000000000000000040003050601020708FFC4003C10000103020403050507030305000000000100020304110512213141516106227181911332A1B1C10714234272D1F05262E13382A215244373C2FFC40014010100000000000000000000000000000000FFC40014110100000000000000000000000000000000FFDA000C03010002110311003F00EC748DCAF2398F923900D3DF6FA23D025A2C544ED634BDE6CD68B927805CAFB4FDB49DCF7184B98C1A36CD05C45BDE20E9BA0BFE3FDA5A6A41F8B200E23BAC1DE7BBF4B06A5721ED7F6D66AF708A263991939436E093AD897386DA1DB61CD56A9E492A5EE6B0E77699DCEBE809E254C54BA2A38AE0DDF977D05EDA68385AE7D500B5F3474AD6B730CE2ED3CB5B5EC38EDF12ABF578C06825DA917B0BDEEEE64F203E6A06BAB9D33C3DDC2FEA5033CA5C6DC06C80E7D717B8B8EF7DD08DA97076848D6E1337D9263ACE04F9FD505C700ED64D13C18E5314A3637391DFDAF0BB5763BB77F79786C966BF30639B7DCBEF95C0742DB1B7F503A2F37BA9EE3536B1CA4DB8EC09E874F50A5B04C45EC22DEFB4B483F985B91E0507ADA0A86BEF94DEDFCFE78A79729EC0768647D542C73B30746E69B6D7B0779DAD65D59024824B01065249240937214E26DE10334E7BE7C1258A4F79C92066A1B6211B348D0DBB880399361EA98A86DCAAA76F7102236C6DCAED3339AED4586F980D76D9042F6DBB48D7E6682E2186C0373069EA6DBDFE9A2A356D2499241C6E1A1C77BBAF9835B7E0073E29CED2E2BECA3CB1B080434E6700D24ED62D1B0B5B4556931473A2CB73776A4F417B0F1B9282C747550D2C64001A38916BB8EF7F12551B1FC69D3BCF06F00365BD5CAE92C2FA0434387125047069D13B4F13AF70A7E1C109E0A5293003BD90559F4A1C6F6B786DE8B66E104EC7CBFCABAB3B3C8FA5C09A344143870F701A8DF423C3FC7C9151E16F043B29D775D269F036725354980C46C0B744027D945247ED9B9B47B1A720E638DBAF4EABB02E2589C268AA9A2E5AD777A29070B7D46971C8AEBB80E23F7881921B0247780DB30D0DBA2090482492049249204B47ADD692EC500F45BBBCBEA92545F9BCBEA920D3109DB1B0BDE4001724EDCE2D604B4EA4D85C8DC6F6F3015ABED2EBDCC8D806D9BBD7E17200FAAE418BD61923B3B70E27D49247C900B8F13216B9EEB82DCDB01A9E0437436B7CD05053DC0B6AB599F76341EBFCF8A97C1A0BD906F498283C14DD1602D1C149D04214A44C4014387342745201B234352CA80334EB76C411042D6C81EA65274C54446ED549D3BF4405E318436B203138D9DA98DDFD0FB687C38141FD92624FB4D4D30CB2C4ED5A7983675BE054B51C89A38616E21054C63DF0E8E61CECD25AEF4B8F2082E656561CB281249248126E6D9389AA8D903543F9BC9258A0E3E4920A07DAA01EC5DE2DF3CA74F9AE39889B345F771D3E17FE755DCBED2A9C3A2DBF297F9B08FA38AE0F8A82D6B389D6FC483600A01A4935F0D15B3B3D15EC551C3FBC1BEABA476722FC36FAA09BA66591EC098863443506C0AC158056C0206DCB4213C5AB0420D022E0910B65B34D904CD1CBAAB0D049A83D5542966D54DD3D586B492E03C505B9CB2A2B06C6A3A8BB5A7BCDD48E6398E6A550249249024C54EC9EBA1EA9DA1F041A61FB3BC7E892C501EE9F1FA24820FED0299CEA4796FBCDB9F86CBCEB8A8009074B5FE3AAF555642246163B50E162BCD1F68D49ECA568B58EA0F91D3F9D1054E906B73CD74DECECE0B000B99C455AFB39885886DD07478B64E0286A57DC5D3C42070270590B354860B92143D7768E366B7F2082C45345EA853F6CDEE3660B0F0B958A5ED14A4EA7F6417C0F5A3DCA1687122EDD48365BA06ABB11318D1556AB12ABA8932C79C9E005EC3A9E0A77159447673C1249B35BC5C5475357CC240D07293B06345878BCDC7A0282F1D83A79A95C66A80F7020B7F0A37496BD8DDE1B72075B2BEC58FD2BAD69E3D79B803E60EA3CD567B1F85091AEFBD33338D880E91CF1D4DB6F829AC4E85AC84C7139F180D7D831DD2D63706E3A75413CB04AADF63F0A7C41F2BA695DED2DF86E3DC65B4EEDEE6FE76E8AC4E283199075AFD0A21055EED106F42EEE1F13F249354EFF00C3F32920917AE45F6D1D9FCE193B071B3BC6C2C7D2EBAECAA1FB4140D9E1923790D05B7CC76696EA0A0F28482C6C8BC32A32B878AB4768BB18492F89F7D7620055A8B0ECAECAE796BC1D9ED363FEE6EDE883ADE10EBC6D3D1173480055FECFD6164603ADA7E61AB7D42927D487ECE69BE9B8D7A59056B19AD2E3C77D82859681EFDC651CDC6C3E2AD75716522D6B936DB6E6503574D26F1B45F9BF53E5C90417FD3238C667389EBA35BEA53B4550C71B3037D7F609EAEC20CA067B970BDC9D46BC8704F61B83861D89E57407C103C6A327FCBE6A528FDA3C685AD3C7775B98E1AA0B1586411658ED99DA6BCACA4FB3719CAE2762E36F0E0807C52963F6B4F99CF32482584673F9EC1ECC800B0045C78DB74660F83812073F71CC2B1C1411D434B1ED074D381F23B83C88D414E568C840249361A902E7A9B6972826F0D9EC6E16D59525DDD1AB9E40006E1A0E671F90F351D854E2EAC7431B05DD9466DAFC6DB84045237231AD3B802FE293E442CF3EA53066280C74A80AF9167DAA0AB9FA1406523AF1FAA4961E3FEDFC8ACA09594EC80C4603235EC1A1731C078DB447CFB5D0EFF79A7C9071BA2A173657B1E083ADC1BDC58ECABDDA9C35A246B986E6C7374DAC6FEABABF6C30FB113346F998EFD5A169F31F25428A005C5B2822FCD063B264652D2A6AAF078A4DC1077BB4D883C08EAAB34B38867B5EED3C55CA190108219DD9E8DAF1234BCBC10733DEE75C5AC45B6171C8238C208523643C915B6F44003E01C96191008A7350F2DC20D5C02368DA1AD0028E6CBAD82358504AE1F5195E0A27B4328194F3BEBC1454654E471B6684876D6B1E84EC7D504661553AAB7D249704F87C9738A46C90CA18F1BEA0F03E0BA261BFE9DF99281F636E3CD6B231114EDEEF994A4614018082ADD8A912D51F5BA5D049D136D4C3C0FCD24EB1D685ADFED0B080D99BA1423CE80F2289926D1045FDD3E081D34CC99B246F1769B788EA3AE8A8D89E12EA776578CC0FBAEB6847D0F4579A07F7EDCDBF2455751B256163C5C1F51D41E050706ED4E1B95BED58363DE0397344F663150F197885D12A7B151DFBD2BDCCD6CD21A3C33386E3C82A34584470C872B729B9BDB9F14135ED122F082F6965B091038F728FAC96C8995F60A39AFB9CC76E1FBA0D846458F14E8C42DA16959BAD5F1DD065B8AF0015830063F52EE36B007E6AB1EC05F70A6B0CC4339F651ED6D5E3E4DEA81DAF22491A40D03DD94F316173EA15DF0F8088982DB8BFAEAAB9591B180BDDA318D24F4681A9B780571C2ABA1A88992C0F6C91B85DAE69B8B72E847240ED247DC0B32B13B10D07805894A08F99AA2B11E2A56A1DAA88C49C82473D9A3C07C92405454D9BE892082AFF00B53C2A3B8FBC193FF546F70F520055BACFB6BA568222A699FBD8B9CC60FA95C28C8B05C50756A8FB6DABB830D340CB0B5DE6493E45AA16ABED7B177927EF2D6F4644C00785C1281C23B053BC8FBC39B4C1D62D6BEC65703B1F660DDA3C6CAC2FEC8E1910CAE134878BF386FA340D9054E6EDAE2333DBED2AE77EA3BA1C45FA59B6BAEA94B23DD0B1EE6B838B45C3810EF120AA751B69E9FDA0A76DBBC0672ECCF2DB5ED7B0CBAF00382B760F50E921CCE37EF65F85CFCC2070BC2718E42CE2DB26993203E51708114D7D35D39279B32D83900AFA0907BB2BFC34FD9053D149C5EFF5D14E0726A565D0434344377127C4AB37670B41B3543BA8AE75560C1616B7641BF6EBDA9A09C44C73DEF6640D60BBBBC40240E82EA85F6658C576172FE3C32B28E5204A5ED706C64E8D97FB77D798F05D07B59898A78986F625F6F20093F455FA2AE0D88970B87DCE53A8703C0DF7BA0ECC6A0342127AD0B9FD2F68A40D0DBF75800BBBC2C1A399B26DDDA495E496E56B471234F0EA7C105D24A8B951B884BA28C662DDDBBB43C6FF00B705BFDF1920F7B2F2B91AF80DCA055755B2482AA89DBB4870B70DFD12410B4741478653DA285A5EE3632CA1B239F6F76C756B46A746FC544E238C3C02F8DAC70D0B818D8E2DB71682364DD3BDCD6911C9EDA33BB1E066B7569D0F92124601DE8B61BB2F723F4F31D1002FC6DF2F7CBAEFBDF31DEE775875717B6C4A16B6943BF122DF8B79F51D50504C81BA495C1EF6BB7D1740EC7D4678E487F336D2347122D95E07A34FAAA15533678DC6FD423F03C54C32B2569D8FC388417E71BA0676D94F3E99B2812456EF0BD871BF16FECA26A1A4684201639B9A2A398205F17243B9CE08275B205B07855EFBF11CD3D1D793B35C7C0128275D204A96B32BB7514D12BADDC23F569F0DD33DA48CD3451B8BFF00124CC6C068D60B6BCEE49F82063B698A0A9A96420DD910264236BBADA5FC001E651465696871D9A341F20A9F41DD6EFAB8E63F45293D4E5F64DFEA78F86BF44138F9C39DECEF66B45DDD4944B6A035B9C8000D236F5E6A169DFF0088EF00B38A54EAC6F23F441253D6586779EE8D85FDE3D51105788817CCE173C390E00725599AA817663AB59B0E0E773F25BC6DBBBDACA731FC8D3B5FFA88E282F187E2808CC185A0EA2E7BC473B700B2AB746E73BBCE240F1B7C52415DAA6984E663896A74D7DC671EF0F8FF00940C8F2DD0D883E850AD9723ADC3708245EF0EFC461FD43EA1055D17FE46FF00B87D537ED8B1D71B1FE1088CE3C8A016396E879BB8730DB8F4EA16B2DE37FF0069D9104DD05B3B13DAB6C5F8531FC23B3BFA0FECBA5BE92299A1C0878234703AF910BCF5202C371EEF11C94DE0DDA6A8A7FF004A4EEFF49D5BE883ABD57674EEC37E8ED0FA8D1435461EF69EF46E1D6D71EA344061FF00696EDA58AFD587E854F53F6EE91FBBCB7F5348F8A0837D384EC0D7036631CE3FDAD27E4A724ED751017F6AC3E02E7E4A2311FB4485A2D131CE3CED942096868844DF6B524340D725C7FCC8F905CDFB518D9AA9CBB606CD68E4DFE6A9AC73B453549EFBACDE0D1B7F951103EE49FE9F9941291C80B80E4B4C4A53ED61E8E27E899A23C52A9D641D020988EA2D213CDA3E698ACA8BB81EA7E486925EF0EAD23D084C5549A5FF009B203623722FB0EF1F128D85F98E676DC8E8144B25D00E7F4464273E9B347A7894127F7BBEC33722761E0DFDD24CC753947E181FADDB7FB4714905704F9086BB561DAFC0F2279AD6A9BA5C6B6DB9F82CCAC07BAE1A1FE5C2629E4362D77BCDD0FD0A071EFCCDB8F14F53C971AA0E03625BE613D171081DAA8F337C10B03ADA145E643B99AA047920A46E43FDA7E08D946974DB9A1C2C5028DC9D4140EB1CA51AD4096A5C9CB26A6758206257A798DC8C0389DD370477B5FC53D29BB87440446EB5824F777C9E81684EA165FBA07257E80F5F9A66A1DA14A5F74A61EFBB4A07E9DDD7FC0522C96F6005F937FF00A77ECA2F0E617786973F20A7E085A34E7C2FA9FD47E883682C4EA4BDC3F2B066B74BEC1252B4F0003521ADF41E8B0829CDA96BC10458F10770509526CE0EF23F42A4ABA87F3377F9851531B820A0DA47D9E0F3042783BBDE4147C92DCB516F3A83D101599624DC26B3A53BBBA0F540EB8DD30936449C5037531DFBC374E53C970B2D2986775DD0FCD01B990939B944BCE8868C5CA02A16E8B46FBC56E0A6CE8506EF3A85BB8EA872ED478A75C7541B487440C6FDC23243A28E69EF1412F8738318399DBF752D4B365D2D779E1C1BD5C78285A5759AD23571D1BD3AA9BA089AC04B8F5713C4A03C53E6EF48E2E039E80780FDD25092544B54ECACEEC63776D7FDD650666710A1715F74BB8A49208C63AEE1D1493B609248340E4E486EC292481888A7AE924836614D4C561240493A26E0594906C5CB2ED52490360EA3C53CFDD24906253A2007BC924825E8471E400088AABC8F10DECD0097733CD24903AFABCAD0D60CA361D2C924920FFFD9');

#
# Structure for table "eleccion"
#

CREATE TABLE `eleccion` (
  `ideleccion` int(11) NOT NULL AUTO_INCREMENT,
  `nombre_eleccion` varchar(45) DEFAULT NULL,
  `fecha_inicio_inscripcion` date DEFAULT NULL,
  `fecha_fin_inscripcion` date DEFAULT NULL,
  `hora_inicio_votacion` time DEFAULT NULL,
  `hora_fin_votacion` time DEFAULT NULL,
  `descripcion` varchar(255) DEFAULT NULL,
  `fecha_votacion` date DEFAULT NULL,
  PRIMARY KEY (`ideleccion`)
) ENGINE=InnoDB AUTO_INCREMENT=3 DEFAULT CHARSET=utf8;

#
# Data for table "eleccion"
#

REPLACE INTO `eleccion` VALUES (1,'Supervisor Asamblea','2017-04-20','2017-04-23','08:00:00','20:00:00','Votacion para el supervisor de la asamblea general','2017-05-13'),(2,'Padrino eventos','2017-04-13','2017-04-24','08:00:00','20:00:00','Eleccion para el padrino de los eventos de la compañia','2017-05-13');

#
# Structure for table "estado_usuarios"
#

CREATE TABLE `estado_usuarios` (
  `Id` int(11) NOT NULL AUTO_INCREMENT,
  `nombre_estado` varchar(45) DEFAULT NULL,
  `descripcion_estado` varchar(100) DEFAULT NULL,
  PRIMARY KEY (`Id`)
) ENGINE=InnoDB AUTO_INCREMENT=3 DEFAULT CHARSET=utf8;

#
# Data for table "estado_usuarios"
#

REPLACE INTO `estado_usuarios` VALUES (1,'Activo',NULL),(2,'Inactivo',NULL);

#
# Structure for table "estado_votacion"
#

CREATE TABLE `estado_votacion` (
  `Id` int(11) NOT NULL AUTO_INCREMENT,
  `estado` varchar(100) DEFAULT NULL,
  PRIMARY KEY (`Id`)
) ENGINE=InnoDB AUTO_INCREMENT=3 DEFAULT CHARSET=utf8;

#
# Data for table "estado_votacion"
#

REPLACE INTO `estado_votacion` VALUES (1,'Almacenado'),(2,'Cancelado');

#
# Structure for table "rol"
#

CREATE TABLE `rol` (
  `idrol` int(11) NOT NULL AUTO_INCREMENT,
  `nombre_rol` varchar(45) NOT NULL,
  `descripcion_rol` varchar(255) DEFAULT NULL,
  PRIMARY KEY (`idrol`)
) ENGINE=InnoDB AUTO_INCREMENT=3 DEFAULT CHARSET=utf8;

#
# Data for table "rol"
#

REPLACE INTO `rol` VALUES (1,'Administrador','Usuario encargado de administrar el sistema de votaciones'),(2,'Usuario','Usuario basico que puede votar en las elecciones');

#
# Structure for table "usuario"
#

CREATE TABLE `usuario` (
  `iduser` int(11) NOT NULL AUTO_INCREMENT,
  `nro_documento_user` varchar(45) DEFAULT NULL,
  `nombre_user` varchar(45) DEFAULT NULL,
  `fecha_nacimiento_user` date DEFAULT NULL,
  `id_rol` int(11) NOT NULL,
  `password_user` varchar(100) DEFAULT NULL,
  `genero` varchar(45) DEFAULT NULL,
  `email` varchar(255) DEFAULT NULL,
  `id_estado` varchar(255) DEFAULT NULL,
  PRIMARY KEY (`iduser`),
  KEY `id_rol_idx` (`id_rol`)
) ENGINE=InnoDB AUTO_INCREMENT=3 DEFAULT CHARSET=utf8;

#
# Data for table "usuario"
#

REPLACE INTO `usuario` VALUES (1,'1010','nicolasrg','1990-12-02',2,'202cb962ac59075b964b07152d234b70','Masculino','niko@mail.com','1'),(2,'777','admin','1990-02-09',1,'202cb962ac59075b964b07152d234b70','Masculino','admin@mail.com','1'),(3,'2020','Juan','1994-02-12',2,'bfd59291e825b5f2bbf1eb76569f8fe7','Masculino','juan@correo.com','1');

#
# Structure for table "votacion"
#

CREATE TABLE `votacion` (
  `id_eleccion` int(11) NOT NULL DEFAULT '0',
  `id_user` varchar(45) NOT NULL DEFAULT '0',
  `id_candidato` varchar(45) NOT NULL DEFAULT '0',
  `estado` varchar(100) DEFAULT NULL,
  KEY `id_user_idx` (`id_user`),
  KEY `id_candidato_idx` (`id_candidato`),
  KEY `id_eleccion_fk` (`id_eleccion`),
  CONSTRAINT `id_eleccion_fk` FOREIGN KEY (`id_eleccion`) REFERENCES `eleccion` (`ideleccion`)
) ENGINE=InnoDB DEFAULT CHARSET=utf8;

#
# Data for table "votacion"
#

REPLACE INTO `votacion` VALUES (1,'1010','1','1'),(2,'1010','65356589','1'),(2,'2020','1','1'),(1,'2020','23655898','1');
